{
  "minecraft:adventure/adventuring_time": {
    "criteria": {
      "forest": "2019-03-29 11:59:51 -0400",
      "birch_forest": "2019-03-29 12:00:31 -0400",
      "deep_ocean": "2019-03-29 12:01:36 -0400",
      "beaches": "2019-03-29 11:59:31 -0400",
      "forest_hills": "2019-03-29 12:01:03 -0400",
      "plains": "2019-03-29 11:59:44 -0400",
      "birch_forest_hills": "2019-03-29 12:00:56 -0400",
      "ocean": "2019-03-29 12:01:32 -0400",
      "extreme_hills": "2019-03-29 12:01:53 -0400",
      "roofed_forest": "2019-03-29 12:00:15 -0400",
      "river": "2019-03-29 12:00:14 -0400",
      "stone_beach": "2019-03-29 12:01:47 -0400"
    },
    "done": false
  }
}