{
  "minecraft:recipes/transportation/acacia_boat": {
    "criteria": {
      "entered_water": "2019-03-29 12:24:32 -0400"
    },
    "done": true
  },
  "minecraft:recipes/transportation/dark_oak_boat": {
    "criteria": {
      "entered_water": "2019-03-29 12:24:32 -0400"
    },
    "done": true
  },
  "minecraft:recipes/transportation/birch_boat": {
    "criteria": {
      "entered_water": "2019-03-29 12:24:32 -0400"
    },
    "done": true
  },
  "minecraft:recipes/transportation/boat": {
    "criteria": {
      "entered_water": "2019-03-29 12:24:32 -0400"
    },
    "done": true
  },
  "minecraft:recipes/transportation/jungle_boat": {
    "criteria": {
      "entered_water": "2019-03-29 12:24:32 -0400"
    },
    "done": true
  },
  "minecraft:recipes/transportation/spruce_boat": {
    "criteria": {
      "entered_water": "2019-03-29 12:24:32 -0400"
    },
    "done": true
  },
  "minecraft:recipes/brewing/cauldron": {
    "criteria": {
      "has_water_bucket": "2019-03-29 12:24:44 -0400"
    },
    "done": true
  },
  "minecraft:adventure/adventuring_time": {
    "criteria": {
      "forest": "2019-03-29 12:24:41 -0400",
      "birch_forest": "2019-03-29 12:25:20 -0400",
      "beaches": "2019-03-29 12:24:38 -0400",
      "plains": "2019-03-29 12:25:29 -0400",
      "ocean": "2019-03-29 12:24:32 -0400",
      "extreme_hills": "2019-03-29 12:24:13 -0400",
      "roofed_forest": "2019-03-29 12:25:44 -0400",
      "river": "2019-03-29 12:25:17 -0400",
      "stone_beach": "2019-03-29 12:24:30 -0400"
    },
    "done": false
  }
}